<?xml version="1.0" encoding="UTF-8"?>
<GAMEOBJECTS>
   <PlayerLevel01 spritesheetName="playerLevel01" spritesheetLocation="assets/playerLevel01.png" tileSizeX="32" tileSizeY="32" spritesheetNumColumns="8" type="PlayerLevel01" x="80" y="768" width="32" height="32" textureID="character" />
   
   <Enemy00 spritesheetName="enemyLevel01" spritesheetLocation="assets/enemyLevel01.png" tileSizeX="32" tileSizeY="32" spritesheetNumColumns="8" type="EnemyLevel01" x="62" y="448" width="32" height="32" startPosX="64" startPosY="448" endPosX="192" endPosY="448" textureID="enemyLevel01" />
   <Enemy01 spritesheetName="enemyLevel01" spritesheetLocation="assets/enemyLevel01.png" tileSizeX="32" tileSizeY="32" spritesheetNumColumns="8" type="EnemyLevel01" x="190" y="480" width="32" height="32" startPosX="192" startPosY="480" endPosX="416" endPosY="480" textureID="enemyLevel01" />
   <Enemy02 spritesheetName="enemyLevel01" spritesheetLocation="assets/enemyLevel01.png" tileSizeX="32" tileSizeY="32" spritesheetNumColumns="8" type="EnemyLevel01" x="672" y="286" width="32" height="32" startPosX="672" startPosY="288" endPosX="672" endPosY="512" textureID="enemyLevel01" />
   <Enemy03 spritesheetName="enemyLevel01" spritesheetLocation="assets/enemyLevel01.png" tileSizeX="32" tileSizeY="32" spritesheetNumColumns="8" type="EnemyLevel01" x="350" y="96" width="32" height="32" startPosX="352" startPosY="96" endPosX="416" endPosY="96" textureID="enemyLevel01" />
   
   <CoinLevel00 spritesheetName="silverCoin" spritesheetLocation="assets/silverCoin.png" tileSizeX="32" tileSizeY="32" spritesheetNumColumns="8" type="CoinLevel01" x="32" y="256" width="32" height="32" textureID="silverCoin" />
   <CoinLevel01 spritesheetName="silverCoin" spritesheetLocation="assets/silverCoin.png" tileSizeX="32" tileSizeY="32" spritesheetNumColumns="8" type="CoinLevel01" x="128" y="416" width="32" height="32" textureID="silverCoin" />
   <CoinLevel02 spritesheetName="silverCoin" spritesheetLocation="assets/silverCoin.png" tileSizeX="32" tileSizeY="32" spritesheetNumColumns="8" type="CoinLevel01" x="256" y="704" width="32" height="32" textureID="silverCoin" />
   <CoinLevel03 spritesheetName="silverCoin" spritesheetLocation="assets/silverCoin.png" tileSizeX="32" tileSizeY="32" spritesheetNumColumns="8" type="CoinLevel01" x="416" y="64" width="32" height="32" textureID="silverCoin" />
   <CoinLevel04 spritesheetName="silverCoin" spritesheetLocation="assets/silverCoin.png" tileSizeX="32" tileSizeY="32" spritesheetNumColumns="8" type="CoinLevel01" x="672" y="384" width="32" height="32" textureID="silverCoin" />

</GAMEOBJECTS>